keys,aa,en,fr,zh,ja,ko,zh_TW,ru,pl,es,pt,de,tr,it
CHARACTER_BABYGROOT,characters,Baby Groot,Baby Groot,Baby Groot,Baby Groot,Baby Groot,Baby Groot,Baby Groot,Baby Groot,Baby Groot,Baby Groot,Baby Groot,Baby Groot,Baby Groot
CHARACTER_BATMAN,characters,Batman,Batman,Batman,Batman,Batman,Batman,Batman,Batman,Batman,Batman,Batman,Batman,Batman
ITEM_MAD_MILK,items,Mad Milk,Mad Milk,Mad Milk,Mad Milk,Mad Milk,Mad Milk,Mad Milk,Mad Milk,Mad Milk,Mad Milk,Saure Milch,Mad Milk,Mad Milk
ITEM_BAT_CAVE,items,Batcave,Batcave,Batcave,Batcave,Batcave,Batcave,Batcave,Batcave,Batcave,Batcave,Batcave,Batcave,Batcave
